,Date,Time,Price,
0,13-03-2021,13:31:25,129929.0357,
1,13-03-2021,14:33:21,130064.9231,
2,13-03-2021,15:37:23,130386.7798,
3,13-03-2021,16:31:02,133799.4585,
4,13-03-2021,17:33:46,136000.7416,
5,13-03-2021,18:32:49,136912.101,
6,13-03-2021,19:34:24,137218.5043,
7,13-03-2021,20:35:20,137058.2162,
8,13-03-2021,21:34:13,136266.6885,
9,13-03-2021,22:30:52,137456.3163,
10,13-03-2021,23:35:50,139172.2856,
11,14-03-2021,00:33:47,138803.9463,
12,14-03-2021,01:30:52,139929.7691,
13,14-03-2021,02:38:13,140541.5945,
14,14-03-2021,03:32:38,138893.2142,
15,14-03-2021,04:35:35,139778.5635,
16,14-03-2021,05:33:28,140124.5734,
17,14-03-2021,06:31:39,139413.8024,
18,14-03-2021,07:31:46,139054.8357,
19,14-03-2021,08:32:32,138605.7871,
20,14-03-2021,09:32:29,139213.6945,
21,14-03-2021,10:30:43,138462.2212,
22,14-03-2021,11:30:03,137885.204,
23,14-03-2021,12:31:05,138053.7712,
24,14-03-2021,13:33:25,137466.6603,
25,14-03-2021,14:31:17,137901.1422,
26,14-03-2021,15:32:41,138477.6912,
27,14-03-2021,16:33:02,136428.5775,
28,14-03-2021,17:33:38,136676.1685,
29,14-03-2021,18:30:27,136892.6974,
30,14-03-2021,19:34:22,135616.9093,
31,14-03-2021,20:30:55,135921.2804,
32,14-03-2021,21:34:30,134929.3353,
33,14-03-2021,22:31:11,134763.5926,
34,14-03-2021,23:31:44,135383.7007,
35,15-03-2021,00:34:28,136380.0648,
36,15-03-2021,01:31:10,135849.7391,
37,15-03-2021,02:31:38,136594.3261,
38,15-03-2021,03:34:22,135967.7679,
39,15-03-2021,04:31:06,136875.6305,
40,15-03-2021,05:37:42,134964.725,
41,15-03-2021,06:30:33,136343.2851,
42,15-03-2021,07:33:24,137637.4345,
43,15-03-2021,08:36:04,137228.6828,
44,15-03-2021,09:31:11,137498.6235,
45,15-03-2021,10:31:55,135439.4937,
46,15-03-2021,11:35:09,134209.2616,
47,15-03-2021,12:33:23,131556.0032,
48,15-03-2021,13:35:39,130718.746,
49,15-03-2021,14:32:42,130060.3649,
50,15-03-2021,15:33:48,126998.7162,
51,15-03-2021,16:31:28,129218.2685,
52,15-03-2021,17:33:30,129084.3185,
53,15-03-2021,18:37:45,130624.4417,
54,15-03-2021,19:32:10,130162.559,
55,15-03-2021,20:33:24,129565.5533,
56,15-03-2021,21:31:17,129331.952,
57,15-03-2021,22:31:42,128728.5404,
58,15-03-2021,23:33:06,128617.224,
59,16-03-2021,00:38:47,129500.6738,
60,16-03-2021,01:34:49,130134.8393,
61,16-03-2021,02:30:52,129863.1421,
62,16-03-2021,03:31:20,131042.2432,
63,16-03-2021,04:34:27,129793.9527,
64,16-03-2021,05:31:58,129878.8201,
65,16-03-2021,06:31:22,126238.8563,
66,16-03-2021,07:31:08,127718.644,
67,16-03-2021,08:33:15,127284.0478,
68,16-03-2021,09:31:43,127099.6073,
69,16-03-2021,10:32:27,127339.3327,
70,16-03-2021,11:34:39,127282.6458,
71,16-03-2021,12:35:44,130414.2492,
72,16-03-2021,13:37:42,130982.488,
73,16-03-2021,14:31:51,131519.8018,
74,16-03-2021,15:30:21,131391.2471,
75,16-03-2021,16:33:54,130818.5019,
76,16-03-2021,17:33:18,130048.9696,
77,16-03-2021,18:33:14,129179.1719,
78,16-03-2021,19:33:07,129193.1678,
79,16-03-2021,20:32:18,130304.4708,
80,16-03-2021,21:36:11,131268.5236,
81,16-03-2021,22:32:43,130987.593,
82,16-03-2021,23:44:00,129120.1865,
83,17-03-2021,00:35:16,129232.4098,
84,17-03-2021,01:34:42,129955.388,
85,17-03-2021,02:34:11,130819.8501,
86,17-03-2021,03:32:01,130506.2934,
87,17-03-2021,04:32:05,130193.0383,
88,17-03-2021,05:31:09,131148.4479,
89,17-03-2021,06:34:15,128956.2465,
90,17-03-2021,07:34:53,129767.9975,
91,17-03-2021,08:32:03,129122.3466,
92,17-03-2021,09:35:52,128383.4425,
93,17-03-2021,10:31:38,128829.5265,
94,17-03-2021,11:31:43,129508.7206,
95,17-03-2021,12:32:09,129784.6562,
96,17-03-2021,13:38:04,130103.8171,
97,17-03-2021,14:31:16,129719.1039,
98,17-03-2021,15:36:25,127936.394,
99,17-03-2021,16:31:43,128518.0036,
100,17-03-2021,17:37:27,128299.6386,
101,17-03-2021,18:33:03,128813.2329,
102,17-03-2021,19:32:01,128928.0134,
103,17-03-2021,20:31:53,129056.1001,
104,17-03-2021,21:38:55,129028.4469,
105,17-03-2021,22:31:05,129707.532,
106,17-03-2021,23:30:18,130241.6211,
107,18-03-2021,00:36:05,132690.0627,
108,18-03-2021,01:31:54,132694.0158,
109,18-03-2021,02:40:28,132099.2544,
110,18-03-2021,03:40:03,132305.9313,
111,18-03-2021,04:33:01,131757.2566,
112,18-03-2021,05:31:53,132211.3851,
113,18-03-2021,06:32:26,132079.2669,
114,18-03-2021,07:36:15,133030.1056,
115,18-03-2021,08:37:32,133681.0062,
116,18-03-2021,09:36:13,133350.0271,
117,18-03-2021,10:30:52,133051.3946,
118,18-03-2021,11:37:03,133356.0937,
119,18-03-2021,12:34:12,133198.8953,
120,18-03-2021,13:31:56,132205.4733,
121,18-03-2021,14:32:19,131560.9431,
122,18-03-2021,15:35:54,131958.1062,
123,18-03-2021,16:33:37,132290.9434,
124,18-03-2021,17:34:39,131036.5012,
125,18-03-2021,18:37:28,131133.5639,
126,18-03-2021,19:38:40,130578.8402,
127,18-03-2021,20:32:09,130080.7958,
128,18-03-2021,22:05:56,133362.2156,
129,18-03-2021,23:06:41,132466.7202,
130,18-03-2021,23:55:33,132124.4158,
131,19-03-2021,00:59:28,130184.7473,
132,19-03-2021,02:04:11,129732.3357,
133,19-03-2021,03:00:10,129546.2919,
134,19-03-2021,03:54:38,130024.0077,
135,19-03-2021,04:55:46,129999.0794,
136,19-03-2021,06:04:26,127028.9226,
137,19-03-2021,06:52:54,128852.0766,
138,19-03-2021,07:34:34,129702.9343,
139,19-03-2021,09:01:47,129820.9945,
140,19-03-2021,10:03:44,129893.1958,
141,19-03-2021,10:57:21,130134.3586,
142,19-03-2021,11:57:11,130881.7633,
143,19-03-2021,12:56:18,130700.945,
144,19-03-2021,14:00:12,131105.9172,
145,19-03-2021,14:50:04,131837.7021,
146,19-03-2021,15:51:50,131177.9922,
147,19-03-2021,16:54:19,132119.8529,
148,19-03-2021,18:05:55,132577.5729,
149,19-03-2021,18:33:52,131789.1542,
150,19-03-2021,19:53:34,131572.2196,
151,19-03-2021,21:01:17,132037.4473,
152,19-03-2021,21:54:48,132426.7633,
153,19-03-2021,22:56:49,132239.6446,
154,19-03-2021,23:54:43,131446.5855,
155,20-03-2021,00:57:19,132571.2487,
156,20-03-2021,02:00:55,133401.8434,
157,20-03-2021,02:58:06,132525.4821,
158,20-03-2021,04:03:03,132629.1379,
159,20-03-2021,04:37:53,132340.0571,
160,20-03-2021,05:58:07,132126.5242,
161,20-03-2021,06:52:06,132206.0619,
162,20-03-2021,07:55:47,133175.0843,
163,20-03-2021,08:50:49,133082.9807,
164,20-03-2021,09:31:41,133388.8589,
165,20-03-2021,10:54:14,133028.5638,
166,20-03-2021,11:31:25,132824.5325,
167,20-03-2021,12:38:38,132647.9776,
168,20-03-2021,13:38:36,132737.3911,
169,20-03-2021,14:37:57,132664.5948,
170,20-03-2021,15:59:40,133321.7614,
171,20-03-2021,16:33:00,133408.4657,
172,20-03-2021,17:40:32,134033.203,
173,20-03-2021,19:04:36,135811.8957,
174,20-03-2021,19:49:29,133608.0876,
175,20-03-2021,20:31:01,134429.5961,
176,20-03-2021,21:46:46,134495.0796,
177,20-03-2021,22:49:42,134214.2848,
178,20-03-2021,23:36:22,134173.8285,
179,21-03-2021,00:52:18,134421.3962,
180,21-03-2021,01:59:50,133269.2573,
181,21-03-2021,02:34:41,133166.9938,
182,21-03-2021,03:54:26,133587.4092,
183,21-03-2021,04:30:44,133214.952,
184,21-03-2021,06:01:44,132076.1496,
185,21-03-2021,06:37:05,131086.9248,
186,21-03-2021,07:34:22,130952.4167,
187,21-03-2021,08:36:50,129482.844,
188,21-03-2021,09:39:42,129618.4526,
189,21-03-2021,10:37:43,128811.0019,
190,21-03-2021,11:38:28,128926.2485,
191,21-03-2021,12:40:35,129551.5344,
192,21-03-2021,13:42:19,129702.1868,
193,21-03-2021,14:30:58,129688.349,
194,21-03-2021,15:43:17,128343.6576,
195,21-03-2021,16:38:43,128636.7001,
196,21-03-2021,17:31:27,128892.3381,
197,21-03-2021,18:31:34,128644.8844,
198,21-03-2021,19:39:01,129922.8019,
199,21-03-2021,20:44:25,129922.1964,
200,21-03-2021,21:37:54,129503.9306,
201,21-03-2021,22:33:05,129649.579,
202,21-03-2021,23:44:58,130025.039,
203,22-03-2021,00:37:38,130646.7143,
204,22-03-2021,01:34:27,130656.6593,
205,22-03-2021,02:43:24,130906.9264,
206,22-03-2021,03:42:43,131139.1218,
207,22-03-2021,04:31:51,130469.3937,
208,22-03-2021,05:32:17,129645.7541,
209,22-03-2021,06:39:11,127674.4337,
210,22-03-2021,07:44:05,128152.8994,
211,22-03-2021,08:34:44,128879.9332,
212,22-03-2021,09:36:22,129531.9393,
213,22-03-2021,10:44:49,129817.6208,
214,22-03-2021,11:36:00,130213.6843,
215,22-03-2021,12:43:52,130003.4297,
216,22-03-2021,13:36:40,129961.5533,
217,22-03-2021,14:39:30,128571.2039,
218,22-03-2021,15:42:39,129244.0079,
219,22-03-2021,16:38:29,130540.965,
220,22-03-2021,17:32:52,130160.1265,
221,22-03-2021,18:41:53,128856.479,
222,22-03-2021,19:44:46,128819.638,
223,22-03-2021,20:42:08,128841.9227,
224,22-03-2021,21:40:00,129100.5114,
225,22-03-2021,22:31:37,128272.2901,
226,22-03-2021,23:36:55,128990.5855,
227,23-03-2021,00:41:18,128325.3521,
228,23-03-2021,01:31:55,126628.9056,
229,23-03-2021,02:42:10,121941.4423,
230,23-03-2021,03:32:56,121986.3749,
231,23-03-2021,04:31:58,122454.3823,
232,23-03-2021,05:36:35,121621.8647,
233,23-03-2021,06:33:15,122414.8063,
234,23-03-2021,07:36:36,124056.3306,
235,23-03-2021,08:45:26,122601.6043,
236,23-03-2021,09:31:26,123097.5135,
237,23-03-2021,10:37:28,122740.6914,
238,23-03-2021,12:05:46,121004.9198,
239,23-03-2021,13:03:18,121069.3356,
240,23-03-2021,13:42:47,121474.1001,
241,23-03-2021,14:45:07,121685.4321,
242,23-03-2021,15:42:33,122483.3247,
243,23-03-2021,16:52:36,122667.2076,
244,23-03-2021,17:41:04,122755.0447,
245,23-03-2021,18:54:49,124101.3915,
246,23-03-2021,19:32:43,123762.1315,
247,23-03-2021,20:55:26,123948.7483,
248,23-03-2021,21:37:12,123518.9932,
249,23-03-2021,22:42:45,124485.4866,
250,23-03-2021,23:47:07,124508.4817,
251,24-03-2021,00:39:39,124115.6646,
252,24-03-2021,01:35:00,123991.5443,
253,24-03-2021,03:01:39,121057.7348,
254,24-03-2021,03:39:03,121356.7049,
255,24-03-2021,04:49:34,121539.6654,
256,24-03-2021,05:33:20,121543.0163,
257,24-03-2021,07:04:29,121327.5988,
258,24-03-2021,07:55:07,121910.0827,
259,24-03-2021,08:36:39,121840.4104,
260,24-03-2021,09:41:33,121943.7184,
261,24-03-2021,10:38:09,121767.3412,
262,24-03-2021,11:47:00,121259.1676,
263,24-03-2021,12:59:33,123295.7155,
264,24-03-2021,14:04:18,125021.3379,
265,24-03-2021,15:03:35,124530.7705,
266,24-03-2021,15:57:04,124209.4425,
267,24-03-2021,17:03:58,124442.4816,
268,24-03-2021,18:00:51,125719.46,
269,24-03-2021,18:56:21,125752.4484,
270,24-03-2021,19:54:35,125524.4111,
271,24-03-2021,21:02:43,125168.3174,
272,24-03-2021,21:54:48,124589.4986,
273,24-03-2021,23:03:57,123457.7807,
274,25-03-2021,00:02:00,122420.657,
275,25-03-2021,00:50:33,121287.7034,
276,25-03-2021,01:49:32,117676.1743,
277,25-03-2021,02:50:34,117518.3609,
278,25-03-2021,03:37:46,116866.7055,
279,25-03-2021,04:59:27,114844.1592,
280,25-03-2021,05:50:13,115132.6017,
281,25-03-2021,06:34:16,114945.6505,
282,25-03-2021,08:03:17,114168.7587,
283,25-03-2021,09:01:20,114223.2503,
284,25-03-2021,09:55:33,114965.4592,
285,25-03-2021,10:41:30,114709.4912,
286,25-03-2021,11:59:46,116335.4705,
287,25-03-2021,12:36:53,115944.3568,
288,25-03-2021,13:44:59,114560.6122,
289,25-03-2021,15:00:27,116512.7456,
290,25-03-2021,16:01:44,117696.8193,
291,25-03-2021,16:39:23,117645.5881,
292,25-03-2021,18:01:45,113823.8561,
293,25-03-2021,18:42:26,114724.4587,
294,25-03-2021,19:50:53,117086.7189,
295,25-03-2021,20:53:35,115331.7642,
296,25-03-2021,22:01:48,116481.5894,
297,25-03-2021,22:41:14,116263.3941,
298,26-03-2021,00:02:30,116673.4762,
299,26-03-2021,01:44:38,116776.4831,
300,26-03-2021,02:26:42,116889.6163,
301,26-03-2021,02:57:30,116702.186,
302,26-03-2021,03:58:25,117157.3434,
303,26-03-2021,05:02:23,115578.2973,
304,26-03-2021,05:34:45,115202.7804,
305,26-03-2021,07:03:34,117966.356,
306,26-03-2021,08:04:41,117289.5679,
307,26-03-2021,09:03:20,118369.1037,
308,26-03-2021,09:53:12,117272.6108,
309,26-03-2021,10:38:12,117682.3698,
310,26-03-2021,11:59:57,117219.4092,
311,26-03-2021,12:43:38,116937.3107,
312,26-03-2021,13:45:19,119864.915,
313,26-03-2021,14:49:03,117630.1986,
314,26-03-2021,15:52:56,117372.9678,
315,26-03-2021,16:32:32,117789.9155,
316,26-03-2021,18:02:09,118125.0418,
317,26-03-2021,18:54:00,118735.2428,
318,26-03-2021,19:46:34,119361.2296,
319,26-03-2021,20:49:21,119037.3731,
320,26-03-2021,21:57:01,120244.8817,
321,26-03-2021,22:41:04,120795.3543,
322,26-03-2021,23:39:56,120747.8377,
323,27-03-2021,00:58:25,120395.3858,
324,27-03-2021,02:04:13,121062.0894,
325,27-03-2021,02:53:11,120834.1746,
326,27-03-2021,03:38:46,122483.2723,
327,27-03-2021,05:01:15,122355.4588,
328,27-03-2021,05:54:49,124894.0389,
329,27-03-2021,06:33:03,123026.5059,
330,27-03-2021,08:02:18,122861.8424,
331,27-03-2021,08:43:51,122601.9674,
332,27-03-2021,09:33:30,122835.1979,
333,27-03-2021,10:42:54,122757.5909,
334,27-03-2021,11:59:01,123384.556,
335,27-03-2021,12:35:36,123199.2927,
336,27-03-2021,13:59:57,122723.2142,
337,27-03-2021,14:41:08,122609.1611,
338,27-03-2021,15:52:14,122975.1737,
339,27-03-2021,16:43:05,121291.2546,
340,27-03-2021,18:00:24,121365.7799,
341,27-03-2021,18:45:20,121816.3067,
342,27-03-2021,19:34:35,121764.3303,
343,27-03-2021,21:03:57,122336.7106,
344,27-03-2021,22:00:51,123696.4925,
345,27-03-2021,22:47:38,123905.1416,
346,27-03-2021,23:53:46,123682.0344,
347,28-03-2021,00:37:51,123547.6492,
348,28-03-2021,01:39:47,123588.9745,
349,28-03-2021,02:31:34,124390.6155,
350,28-03-2021,03:51:36,124751.1906,
351,28-03-2021,05:01:46,124524.5096,
352,28-03-2021,05:30:21,124163.0878,
353,28-03-2021,06:37:59,124108.8771,
354,28-03-2021,07:35:58,124063.7265,
355,28-03-2021,08:31:37,123979.518,
356,28-03-2021,09:31:37,124016.4012,
357,28-03-2021,10:36:40,124361.1106,
358,28-03-2021,11:33:17,124543.6107,
359,28-03-2021,12:36:34,124079.8732,
360,28-03-2021,13:44:45,124481.5373,
361,28-03-2021,14:33:14,124495.9369,
362,28-03-2021,15:35:46,124082.5277,
363,28-03-2021,16:42:47,123562.4483,
364,28-03-2021,17:43:05,123503.8585,
365,28-03-2021,18:31:00,122721.8308,
366,28-03-2021,19:43:58,122574.0929,
367,28-03-2021,20:38:45,123241.5421,
368,28-03-2021,21:40:00,123877.4722,
369,28-03-2021,22:35:24,123546.7675,
370,28-03-2021,23:31:36,123512.7217,
371,29-03-2021,00:33:13,121546.9864,
372,29-03-2021,01:46:21,120859.781,
373,29-03-2021,02:33:36,121045.3093,
374,29-03-2021,03:37:42,121394.8342,
375,29-03-2021,04:32:20,122001.8928,
376,29-03-2021,05:46:04,122225.078,
377,29-03-2021,06:45:27,121594.8728,
378,29-03-2021,07:31:04,121944.6697,
379,29-03-2021,08:39:14,122747.5879,
380,29-03-2021,09:34:55,123086.34,
381,29-03-2021,10:49:33,122803.2524,
382,29-03-2021,11:35:17,122730.3211,
383,29-03-2021,12:50:45,124225.0865,
384,29-03-2021,13:38:36,123899.9167,
385,29-03-2021,14:33:59,126387.6668,
386,29-03-2021,15:45:53,128019.8911,
387,29-03-2021,16:40:47,128468.7155,
388,29-03-2021,17:35:19,128349.5982,
389,29-03-2021,18:40:27,129191.4629,
390,29-03-2021,19:34:44,129598.8053,
391,29-03-2021,20:36:18,129657.1188,
392,29-03-2021,21:46:23,130034.3556,
393,29-03-2021,22:49:42,132264.5385,
394,29-03-2021,23:32:42,133294.0586,
395,30-03-2021,00:42:07,133054.7644,
396,30-03-2021,01:38:20,132220.3701,
397,30-03-2021,02:43:08,131817.1345,
398,30-03-2021,03:41:04,131862.6951,
399,30-03-2021,04:44:45,131753.4319,
400,30-03-2021,05:45:58,132247.8282,
401,30-03-2021,06:32:02,131808.0631,
402,30-03-2021,07:34:32,131630.3151,
403,30-03-2021,08:36:29,130362.4684,
404,30-03-2021,09:33:38,130808.3629,
405,30-03-2021,10:47:36,131173.4593,
406,30-03-2021,11:42:04,131276.7947,
407,30-03-2021,12:38:09,133183.5511,
408,30-03-2021,13:51:26,132968.2032,
409,30-03-2021,14:42:49,132927.1692,
410,30-03-2021,15:43:35,136262.5263,
411,30-03-2021,16:33:41,134922.3485,
412,30-03-2021,17:44:03,135748.458,
413,30-03-2021,18:48:35,134989.0154,
414,30-03-2021,19:34:05,134783.1334,
415,30-03-2021,20:35:57,134871.9606,
416,30-03-2021,21:44:07,134488.3789,
417,30-03-2021,22:32:39,134586.5723,
418,30-03-2021,23:49:10,135424.4233,
419,31-03-2021,00:45:57,135154.12,
420,31-03-2021,01:33:54,136074.3751,
421,31-03-2021,02:42:14,135248.0543,
422,31-03-2021,03:37:23,135517.2622,
423,31-03-2021,04:47:13,135253.6387,
424,31-03-2021,05:32:38,135161.4694,
425,31-03-2021,06:41:35,136537.4373,
426,31-03-2021,07:34:49,135743.6318,
427,31-03-2021,08:31:52,135102.5067,
428,31-03-2021,09:45:51,134090.5664,
429,31-03-2021,10:49:49,133845.0467,
430,31-03-2021,11:47:33,134718.5263,
431,31-03-2021,12:48:38,136262.7341,
432,31-03-2021,13:44:16,130083.257,
433,31-03-2021,14:50:10,131978.6124,
434,31-03-2021,15:32:23,132190.9096,
435,31-03-2021,16:48:47,132023.6929,
436,31-03-2021,17:37:39,132099.3673,
437,31-03-2021,18:49:38,132937.589,
438,31-03-2021,19:46:42,133707.3001,
439,31-03-2021,20:46:10,135527.1281,
440,31-03-2021,21:38:23,135463.7306,
441,31-03-2021,22:36:59,135033.2627,
442,31-03-2021,23:39:23,135696.1391,
443,01-04-2021,00:36:11,138586.3199,
444,01-04-2021,01:49:59,139067.9314,
445,01-04-2021,02:36:16,141762.6671,
446,01-04-2021,03:50:20,141290.3368,
447,01-04-2021,04:37:06,139745.3577,
448,01-04-2021,05:38:50,140994.3523,
449,01-04-2021,06:37:23,141384.671,
450,01-04-2021,07:53:00,141749.1736,
451,01-04-2021,08:41:23,140871.3099,
452,01-04-2021,09:36:46,140861.1398,
453,01-04-2021,10:50:35,140651.485,
454,01-04-2021,11:40:45,140762.9977,
455,01-04-2021,12:41:32,140426.4619,
456,01-04-2021,13:37:30,141521.7478,
457,01-04-2021,14:42:33,142941.7087,
458,01-04-2021,15:39:20,142411.4563,
459,01-04-2021,16:49:17,141208.3507,
460,01-04-2021,17:42:36,141317.7022,
461,01-04-2021,18:45:56,141841.2634,
462,01-04-2021,19:32:21,142259.0072,
463,01-04-2021,20:45:16,141748.4174,
464,01-04-2021,21:36:21,142925.5008,
465,01-04-2021,22:35:46,142866.7746,
466,01-04-2021,23:43:19,142078.1284,
467,02-04-2021,00:44:43,144139.3093,
468,02-04-2021,01:33:48,144796.0522,
469,02-04-2021,02:38:18,144513.3621,
470,02-04-2021,03:31:46,143867.4232,
471,02-04-2021,04:42:33,144576.8617,
472,02-04-2021,05:41:54,143885.1279,
473,02-04-2021,06:37:49,143885.0196,
474,02-04-2021,07:32:46,145625.7177,
475,02-04-2021,08:31:26,146360.0127,
476,02-04-2021,09:36:18,146519.6293,
477,02-04-2021,10:32:35,146140.2084,
478,02-04-2021,11:32:19,145917.1453,
479,02-04-2021,12:42:28,146661.0662,
480,02-04-2021,13:46:36,146463.5195,
481,02-04-2021,14:31:18,146213.3213,
482,02-04-2021,15:31:59,146199.3696,
483,02-04-2021,16:40:49,146691.0573,
484,02-04-2021,17:32:02,146959.7275,
485,02-04-2021,18:48:26,146775.5008,
486,02-04-2021,19:32:52,146775.8703,
487,02-04-2021,20:47:42,151825.5427,
488,02-04-2021,21:33:02,151638.637,
489,02-04-2021,22:43:25,151084.626,
490,02-04-2021,23:32:34,150562.5056,
491,03-04-2021,00:33:31,150686.3286,
492,03-04-2021,01:32:50,151384.1909,
493,03-04-2021,02:47:49,153636.4526,
494,03-04-2021,03:52:16,153616.731,
495,03-04-2021,04:40:23,155273.844,
496,03-04-2021,05:59:03,157033.8603,
497,03-04-2021,06:40:30,155621.1267,
498,03-04-2021,07:48:05,153915.7773,
499,03-04-2021,08:48:07,154674.6927,
500,03-04-2021,09:32:57,153817.5421,
501,03-04-2021,10:44:19,153976.3443,
502,03-04-2021,11:51:34,154514.7495,
503,03-04-2021,12:31:53,155740.1623,
504,03-04-2021,13:41:11,155107.4728,
505,03-04-2021,14:35:48,153850.035,
506,03-04-2021,15:42:56,154834.3047,
507,03-04-2021,16:43:56,154043.3591,
508,03-04-2021,17:47:26,153959.2826,
509,03-04-2021,18:34:34,154387.3136,
510,03-04-2021,19:39:19,155290.7386,
511,03-04-2021,20:33:28,154058.3508,
512,03-04-2021,21:32:14,153044.888,
513,03-04-2021,22:42:34,151962.6887,
514,03-04-2021,23:31:15,149621.1649,
515,04-04-2021,00:32:37,151213.5695,
516,04-04-2021,01:34:30,153232.078,
517,04-04-2021,02:39:17,151198.5201,
518,04-04-2021,03:32:20,149446.499,
519,04-04-2021,04:33:38,149929.4697,
520,04-04-2021,05:46:25,147303.1821,
521,04-04-2021,06:58:34,147492.4919,
522,04-04-2021,08:01:57,148698.2494,
523,04-04-2021,09:07:15,147580.9556,
524,04-04-2021,10:02:09,148334.4776,
525,04-04-2021,11:03:29,147972.3465,
526,04-04-2021,11:33:45,147967.782,
527,04-04-2021,12:31:35,147879.4217,
528,04-04-2021,13:33:52,149084.7807,
529,04-04-2021,14:31:22,149892.3306,
530,04-04-2021,15:32:24,150918.0711,
531,04-04-2021,16:35:47,150966.315,
532,04-04-2021,17:31:32,150388.4934,
533,04-04-2021,18:34:52,151748.9781,
534,04-04-2021,19:31:06,152788.9445,
535,04-04-2021,20:36:14,153130.7242,
536,04-04-2021,21:32:30,152660.9344,
537,04-04-2021,22:35:38,152278.1633,
538,04-04-2021,23:35:48,152787.1681,
539,05-04-2021,00:33:51,152047.7968,
540,05-04-2021,01:35:31,151585.6914,
541,05-04-2021,02:32:19,151417.749,
542,05-04-2021,03:31:28,152068.7866,
543,05-04-2021,04:35:58,152018.4479,
544,05-04-2021,05:35:16,152530.4746,
545,05-04-2021,06:33:42,151126.9604,
546,05-04-2021,07:31:36,150738.1191,
547,05-04-2021,08:33:33,150089.9563,
548,05-04-2021,09:33:26,149178.7776,
549,05-04-2021,10:34:16,148984.7679,
550,05-04-2021,11:34:41,148125.2792,
551,05-04-2021,12:34:37,148200.0345,
552,05-04-2021,13:34:00,148696.5169,
553,05-04-2021,14:31:16,148840.5131,
554,05-04-2021,15:30:36,150242.2203,
555,05-04-2021,16:36:30,150289.1572,
556,05-04-2021,17:31:41,150549.6484,
557,05-04-2021,18:32:20,151275.7779,
558,05-04-2021,19:32:02,152212.75,
559,05-04-2021,20:32:35,154857.4926,
560,05-04-2021,21:34:29,154612.1933,
561,05-04-2021,22:32:54,154367.5711,
562,05-04-2021,23:31:42,154228.9041,
563,06-04-2021,00:31:53,153697.2489,
564,06-04-2021,01:32:37,154143.607,
565,06-04-2021,02:37:23,154161.5136,
566,06-04-2021,03:34:52,154562.4014,
567,06-04-2021,04:34:46,155031.3464,
568,06-04-2021,05:34:05,154077.4916,
569,06-04-2021,07:02:14,156466.0296,
570,06-04-2021,07:31:33,155535.4803,
571,06-04-2021,08:33:50,156737.6709,
572,06-04-2021,09:33:09,155332.7351,
573,06-04-2021,10:30:22,155508.7105,
574,06-04-2021,11:35:26,156116.4563,
575,06-04-2021,12:33:48,156123.7034,
576,06-04-2021,13:35:51,153542.4524,
577,06-04-2021,14:31:58,153221.6892,
578,06-04-2021,15:32:35,155214.9168,
579,06-04-2021,16:37:31,155713.3266,
580,06-04-2021,17:32:03,155124.3114,
581,06-04-2021,18:34:26,155278.4771,
582,06-04-2021,19:32:05,154527.9161,
583,06-04-2021,20:35:22,152698.4756,
584,06-04-2021,21:34:13,153359.2591,
585,06-04-2021,22:36:32,154718.868,
586,06-04-2021,23:36:27,156127.4573,
587,07-04-2021,00:37:17,156088.3656,
588,07-04-2021,01:32:42,155002.8886,
589,07-04-2021,02:37:40,155811.6361,
590,07-04-2021,03:34:18,155369.3126,
591,07-04-2021,04:35:51,155261.983,
592,07-04-2021,05:37:28,155282.7307,
593,07-04-2021,06:31:39,154302.1867,
594,07-04-2021,07:33:57,154334.1893,
595,07-04-2021,08:34:38,155255.5251,
596,07-04-2021,09:30:58,154540.584,
597,07-04-2021,10:37:07,154280.8538,
598,07-04-2021,11:34:39,155329.1121,
599,07-04-2021,12:31:26,155785.8004,
600,07-04-2021,13:37:11,154718.6295,
601,07-04-2021,14:34:41,153493.943,
602,07-04-2021,15:30:11,153149.8334,
603,07-04-2021,16:35:47,149942.9365,
604,07-04-2021,17:32:31,147277.4188,
605,07-04-2021,18:37:38,147553.8297,
606,07-04-2021,19:36:58,149063.1006,
607,07-04-2021,20:31:34,148241.5784,
608,07-04-2021,21:31:46,147751.4784,
609,07-04-2021,22:34:42,149203.1768,
610,07-04-2021,23:35:52,146529.0877,
611,08-04-2021,00:33:36,147219.5074,
612,08-04-2021,01:34:46,147137.2437,
613,08-04-2021,02:31:50,147986.2777,
614,08-04-2021,03:37:43,148414.7456,
615,08-04-2021,04:30:20,149375.2235,
616,08-04-2021,05:35:24,147043.5209,
617,08-04-2021,06:35:55,148503.9065,
618,08-04-2021,07:34:10,148522.8932,
619,08-04-2021,08:11:42,147840.7049,
620,08-04-2021,08:48:23,148410.0732,
621,08-04-2021,09:31:26,148436.9118,
622,08-04-2021,10:32:24,150528.1739,
623,08-04-2021,11:43:08,149651.4691,
624,08-04-2021,12:30:58,149887.5152,
625,08-04-2021,13:31:40,151015.2892,
626,08-04-2021,14:35:54,150758.1295,
627,08-04-2021,15:32:39,149915.8331,
628,08-04-2021,16:35:08,149160.8403,
629,08-04-2021,17:37:46,149049.5395,
630,08-04-2021,18:37:32,151288.6288,
631,08-04-2021,19:32:23,151525.4393,
632,08-04-2021,20:34:19,152313.5304,
633,08-04-2021,21:32:02,153394.403,
634,08-04-2021,22:35:19,154182.6886,
635,08-04-2021,23:30:30,153890.9158,
636,09-04-2021,00:35:59,154296.9163,
637,09-04-2021,01:33:30,153955.6492,
638,09-04-2021,02:34:23,153206.4446,
639,09-04-2021,03:35:51,152784.208,
640,09-04-2021,04:32:48,154325.1542,
641,09-04-2021,05:36:28,155170.4256,
642,09-04-2021,06:33:49,156110.9216,
643,09-04-2021,07:35:48,154910.1544,
644,09-04-2021,08:32:50,155103.0573,
645,09-04-2021,09:32:30,154666.3264,
646,09-04-2021,10:33:37,155085.7678,
647,09-04-2021,11:35:00,155039.7701,
648,09-04-2021,12:31:17,155140.9657,
649,09-04-2021,13:32:24,155409.3997,
650,09-04-2021,14:33:25,155051.1939,
651,09-04-2021,15:32:24,155001.9798,
652,09-04-2021,16:32:00,155834.1575,
653,09-04-2021,17:38:33,155774.4884,
654,09-04-2021,18:34:59,155249.7467,
655,09-04-2021,19:44:06,155308.6637,
656,09-04-2021,20:35:04,154504.804,
657,09-04-2021,21:33:01,154320.3484,
658,09-04-2021,22:37:30,154717.5338,
659,09-04-2021,23:32:19,155220.5056,
660,10-04-2021,00:36:04,155357.1935,
661,10-04-2021,01:31:43,155154.2363,
662,10-04-2021,02:31:16,154856.2845,
663,10-04-2021,03:38:15,154980.6489,
664,10-04-2021,04:31:48,154352.4916,
665,10-04-2021,05:34:05,154665.6576,
666,10-04-2021,06:36:17,154505.1797,
667,10-04-2021,07:35:45,156992.5364,
668,10-04-2021,08:32:01,157410.5053,
669,10-04-2021,09:32:29,160223.5246,
670,10-04-2021,10:33:14,163431.461,
671,10-04-2021,11:36:49,162341.2043,
672,10-04-2021,12:36:48,161857.6683,
673,10-04-2021,13:31:22,161276.5462,
674,10-04-2021,14:31:41,161499.3076,
675,10-04-2021,15:31:52,161775.6546,
676,10-04-2021,16:31:54,161244.8944,
677,10-04-2021,17:34:44,161465.2842,
678,10-04-2021,18:35:04,160377.3693,
679,10-04-2021,19:36:02,161347.2987,
680,10-04-2021,20:31:22,160901.3519,
681,10-04-2021,21:34:38,160999.808,
682,10-04-2021,22:32:42,160768.9842,
683,10-04-2021,23:34:25,160530.1055,
684,11-04-2021,00:34:43,159781.0473,
685,11-04-2021,01:33:34,159456.6945,
686,11-04-2021,02:37:36,156676.7476,
687,11-04-2021,03:31:08,157938.1655,
688,11-04-2021,04:31:46,158145.7215,
689,11-04-2021,05:39:03,159978.3121,
690,11-04-2021,06:33:58,159666.3209,
691,11-04-2021,07:33:00,160786.741,
692,11-04-2021,08:34:49,160694.7048,
693,11-04-2021,09:37:08,160143.0986,
694,11-04-2021,10:35:21,159394.6251,
695,11-04-2021,11:36:28,158717.5346,
696,11-04-2021,12:32:20,159209.1986,
697,11-04-2021,13:37:31,159407.6669,
698,11-04-2021,14:32:03,160296.8505,
699,11-04-2021,15:33:18,159615.7236,
700,11-04-2021,16:31:23,159880.1348,
701,11-04-2021,17:31:25,160643.4391,
702,11-04-2021,18:31:21,160134.1375,
703,11-04-2021,19:34:05,159072.4712,
704,11-04-2021,20:35:33,160165.9465,
705,11-04-2021,21:32:42,160853.8875,
706,11-04-2021,22:30:22,160279.8563,
707,11-04-2021,23:31:56,160425.0441,
708,12-04-2021,00:35:00,160639.2659,
709,12-04-2021,01:31:28,160188.3254,
710,12-04-2021,02:39:15,160238.0546,
711,12-04-2021,03:34:07,159586.3832,
712,12-04-2021,04:33:53,160146.0924,
713,12-04-2021,05:32:43,160688.7551,
714,12-04-2021,06:32:21,159714.9654,
715,12-04-2021,07:33:56,161131.6367,
716,12-04-2021,08:34:13,160025.3067,
717,12-04-2021,09:32:33,161522.8213,
718,12-04-2021,10:32:19,161926.4162,
719,12-04-2021,11:31:40,160879.0078,
720,12-04-2021,12:36:00,163389.8557,
721,12-04-2021,13:31:56,163516.6452,
722,12-04-2021,14:36:38,163676.6917,
723,12-04-2021,15:40:45,161659.6255,
724,12-04-2021,16:35:44,160423.7327,
725,12-04-2021,17:34:28,161222.4371,
726,12-04-2021,18:38:56,161598.7065,
727,12-04-2021,19:34:26,161555.9783,
728,12-04-2021,20:32:00,160248.4246,
729,12-04-2021,21:36:49,160251.5289,
730,12-04-2021,22:34:33,159638.1973,
731,12-04-2021,23:34:24,159242.609,
732,13-04-2021,00:32:39,160205.3025,
733,13-04-2021,01:32:33,160560.5253,
734,13-04-2021,02:33:11,161154.2052,
735,13-04-2021,03:38:21,161069.3163,
736,13-04-2021,04:35:53,161344.6569,
737,13-04-2021,05:39:10,160551.3205,
738,13-04-2021,06:36:23,161964.7489,
739,13-04-2021,07:53:08,162391.4392,
740,13-04-2021,08:35:45,162728.2609,
741,13-04-2021,09:35:57,162516.0038,
742,13-04-2021,10:40:10,162594.9791,
743,13-04-2021,11:43:37,163443.4704,
744,13-04-2021,12:31:10,162945.8614,
745,13-04-2021,13:33:06,163385.951,
746,13-04-2021,14:34:35,166919.0348,
747,13-04-2021,15:42:04,167022.8412,
748,13-04-2021,16:32:05,166670.7509,
749,13-04-2021,17:32:07,168256.3584,
750,13-04-2021,18:32:18,167447.4241,
751,13-04-2021,19:32:06,167724.3006,
752,13-04-2021,20:30:48,169917.9102,
753,13-04-2021,21:34:59,170625.3134,
754,13-04-2021,22:37:03,171269.5627,
755,13-04-2021,23:36:48,173728.6585,
756,14-04-2021,00:34:25,171105.5616,
757,14-04-2021,01:35:59,173120.0501,
758,14-04-2021,02:38:00,172921.8637,
759,14-04-2021,03:37:29,171789.1886,
760,14-04-2021,04:32:30,171606.4618,
761,14-04-2021,05:39:46,173610.1934,
762,14-04-2021,06:37:57,172901.2117,
763,14-04-2021,07:33:45,172614.5874,
764,14-04-2021,08:37:53,172345.0258,
765,14-04-2021,09:37:30,177263.4329,
766,14-04-2021,10:37:00,178762.2867,
767,14-04-2021,11:34:53,178177.1207,
768,14-04-2021,12:34:05,179258.2332,
769,14-04-2021,13:40:09,179498.284,
770,14-04-2021,14:33:46,177285.7875,
771,14-04-2021,15:39:06,176399.4602,
772,14-04-2021,16:33:49,177369.0022,
773,14-04-2021,17:36:37,179551.8968,
774,14-04-2021,18:40:36,178965.0583,
775,14-04-2021,19:31:45,176931.4574,
776,14-04-2021,20:38:02,175080.4824,
777,14-04-2021,21:32:41,176211.3639,
778,14-04-2021,22:32:57,178813.681,
779,14-04-2021,23:36:03,175159.3499,
780,15-04-2021,00:32:06,175454.8989,
781,15-04-2021,01:38:53,175691.8206,
782,15-04-2021,02:40:32,178982.0323,
783,15-04-2021,03:36:41,181682.6774,
784,15-04-2021,04:35:41,182189.6497,
785,15-04-2021,05:30:54,182288.641,
786,15-04-2021,06:51:59,181244.768,
787,15-04-2021,07:32:42,182085.9531,
788,15-04-2021,08:38:44,183116.3155,
789,15-04-2021,09:35:51,186091.3803,
790,15-04-2021,10:30:31,185198.7177,
791,15-04-2021,11:34:35,186084.0482,
792,15-04-2021,12:33:39,185455.8027,
793,15-04-2021,13:33:05,185592.2878,
794,15-04-2021,14:34:49,183754.8477,
795,15-04-2021,15:35:22,183601.9218,
796,15-04-2021,16:32:43,181987.835,
797,15-04-2021,17:36:39,182502.6244,
798,15-04-2021,18:40:05,182903.1045,
799,15-04-2021,19:30:33,184789.8766,
800,15-04-2021,20:37:37,184545.2019,
801,15-04-2021,22:05:08,185206.3568,
802,15-04-2021,22:49:20,183385.7679,
803,15-04-2021,23:35:48,183542.4741,
804,16-04-2021,00:33:28,184387.9905,
805,16-04-2021,01:30:54,186231.0276,
806,16-04-2021,02:34:36,186520.293,
807,16-04-2021,03:31:44,186763.3065,
808,16-04-2021,04:36:44,189023.407,
809,16-04-2021,05:36:00,188036.6003,
810,16-04-2021,06:39:22,189625.8326,
811,16-04-2021,07:34:30,187411.4639,
812,16-04-2021,08:36:41,186631.8271,
813,16-04-2021,09:32:27,187365.8775,
814,16-04-2021,10:41:12,181827.9878,
815,16-04-2021,11:43:25,179301.6464,
816,16-04-2021,12:33:54,180419.0607,
817,16-04-2021,13:30:48,180665.1286,
818,16-04-2021,15:00:55,178818.2157,
819,16-04-2021,15:32:46,177927.4024,
820,16-04-2021,16:50:31,176424.1565,
821,16-04-2021,17:40:43,176974.3566,
822,16-04-2021,18:37:04,177875.0446,
823,16-04-2021,19:34:39,175507.6262,
824,16-04-2021,20:33:26,180389.7798,
825,16-04-2021,21:30:31,181378.2608,
826,16-04-2021,22:33:41,181220.7503,
827,16-04-2021,23:35:09,181839.4594,
828,17-04-2021,00:39:10,182657.9155,
829,17-04-2021,01:31:52,181079.0761,
830,17-04-2021,02:30:25,183380.25,
831,17-04-2021,03:41:23,183465.754,
832,17-04-2021,04:39:07,181097.0257,
833,17-04-2021,05:37:01,181388.078,
834,17-04-2021,06:32:45,183937.3775,
835,17-04-2021,07:32:32,184872.7011,
836,17-04-2021,08:32:49,185379.8791,
837,17-04-2021,09:31:29,185724.8624,
838,17-04-2021,10:33:37,184764.8429,
839,17-04-2021,11:32:40,184903.3536,
840,17-04-2021,12:40:47,184293.7987,
841,17-04-2021,13:33:45,183769.7291,
842,17-04-2021,14:36:00,183885.5513,
843,17-04-2021,15:41:36,181377.7899,
844,17-04-2021,17:13:52,180258.6708,
845,17-04-2021,18:27:31,180102.9895,
846,17-04-2021,19:27:26,179118.4409,
847,17-04-2021,20:41:16,178215.4765,
848,17-04-2021,22:12:02,176088.8859,
849,17-04-2021,23:41:02,176002.1549,
850,18-04-2021,01:14:33,177332.9014,
851,18-04-2021,01:38:09,177311.3176,
852,18-04-2021,02:17:38,177977.8469,
853,18-04-2021,04:03:21,178456.851,
854,18-04-2021,04:44:58,177577.9992,
855,18-04-2021,05:35:52,173703.7056,
856,18-04-2021,06:16:33,170217.7071,
857,18-04-2021,06:53:15,170266.774,
858,18-04-2021,07:37:27,171026.4021,
859,18-04-2021,08:13:44,170834.5634,
860,18-04-2021,08:57:28,163445.12,
861,18-04-2021,09:39:36,162331.9776,
862,18-04-2021,10:26:25,161951.5613,
863,18-04-2021,11:05:45,162465.737,
864,18-04-2021,11:53:11,164175.1791,
865,18-04-2021,12:32:54,162761.0125,
866,18-04-2021,13:36:43,165782.4962,
867,18-04-2021,14:32:38,160718.913,
868,18-04-2021,15:36:38,158209.8889,
869,18-04-2021,16:33:21,159452.5491,
870,18-04-2021,17:33:07,153492.0659,
871,18-04-2021,18:38:18,156846.0147,
872,18-04-2021,19:32:24,158406.6999,
873,18-04-2021,20:50:55,159517.2241,
874,18-04-2021,21:34:45,160764.6293,
875,18-04-2021,22:44:26,161627.3634,
876,18-04-2021,23:30:37,160164.4137,
877,19-04-2021,00:36:04,162682.0048,
878,19-04-2021,01:39:52,163496.4349,
879,19-04-2021,02:36:07,166246.0388,
880,19-04-2021,04:02:55,165640.7839,
881,19-04-2021,05:02:37,166697.865,
882,19-04-2021,05:45:48,165519.0453,
883,19-04-2021,06:30:51,168853.951,
884,19-04-2021,07:36:44,167793.751,
885,19-04-2021,08:32:03,168423.9371,
886,19-04-2021,09:58:00,169340.4089,
887,19-04-2021,10:48:14,169243.6159,
888,19-04-2021,11:44:01,168281.1395,
889,19-04-2021,12:43:23,170257.5516,
890,19-04-2021,13:56:34,169425.8976,
891,19-04-2021,15:11:29,168814.7585,
892,19-04-2021,15:35:53,167644.8621,
893,19-04-2021,16:34:05,165590.6292,
894,19-04-2021,17:56:58,168236.8184,
895,19-04-2021,19:06:21,165934.3797,
896,19-04-2021,20:22:17,160815.2598,
897,19-04-2021,20:37:03,160376.3074,
898,19-04-2021,21:35:42,157598.8601,
899,19-04-2021,22:31:40,158378.7009,
900,19-04-2021,23:54:07,162741.1026,
901,20-04-2021,00:37:22,162418.1244,
902,20-04-2021,01:33:33,164305.3986,
903,20-04-2021,02:31:43,165896.946,
904,20-04-2021,03:32:53,165213.5877,
905,20-04-2021,04:56:57,163850.9308,
906,20-04-2021,05:34:42,162338.9431,
907,20-04-2021,06:37:32,156471.309,
908,20-04-2021,07:39:11,157613.3511,
909,20-04-2021,09:02:21,156573.4183,
910,20-04-2021,10:23:18,159983.9046,
911,20-04-2021,10:42:46,160627.2638,
912,20-04-2021,11:31:11,158591.9091,
913,20-04-2021,12:35:20,154695.3783,
914,20-04-2021,13:35:30,156058.2039,
915,20-04-2021,14:37:05,160588.9746,
916,20-04-2021,15:33:18,160623.4685,
917,20-04-2021,16:37:07,164670.7895,
918,20-04-2021,17:34:56,165450.9506,
919,20-04-2021,18:39:06,164929.2318,
920,20-04-2021,19:32:58,167430.3259,
921,20-04-2021,20:32:09,164763.9856,
922,20-04-2021,21:36:27,164652.2848,
923,20-04-2021,22:34:09,169652.3044,
924,20-04-2021,23:32:49,171562.716,
925,21-04-2021,00:30:57,172852.3744,
926,21-04-2021,01:32:33,174072.5173,
927,21-04-2021,02:32:28,174524.6836,
928,21-04-2021,03:34:16,176997.4195,
929,21-04-2021,04:32:57,174847.0786,
930,21-04-2021,05:35:52,176366.8225,
931,21-04-2021,06:30:58,173598.2316,
932,21-04-2021,07:32:47,175035.287,
933,21-04-2021,08:32:16,176120.6814,
934,21-04-2021,09:33:50,173093.62,
935,21-04-2021,10:34:42,174631.5017,
936,21-04-2021,11:32:15,173309.3341,
937,21-04-2021,12:36:42,174564.4907,
938,21-04-2021,13:33:12,173206.1171,
939,21-04-2021,14:32:57,173948.3564,
940,21-04-2021,15:36:00,173535.4035,
941,21-04-2021,16:36:27,170835.4975,
942,21-04-2021,17:31:11,169925.9812,
943,21-04-2021,18:41:53,179456.2628,
944,21-04-2021,19:34:00,179741.6296,
945,21-04-2021,20:30:47,183276.4429,
946,21-04-2021,21:35:38,184666.0687,
947,21-04-2021,22:33:43,183178.6066,
948,21-04-2021,23:32:32,182525.0444,
949,22-04-2021,00:34:37,181793.3292,
950,22-04-2021,01:32:30,183912.8199,
951,22-04-2021,02:32:11,181671.9391,
952,22-04-2021,03:32:36,180189.7492,
953,22-04-2021,04:34:00,178067.7497,
954,22-04-2021,05:33:31,179032.6368,
955,22-04-2021,06:33:59,181027.1135,
956,22-04-2021,07:33:54,183448.8814,
957,22-04-2021,08:34:49,182358.8592,
958,22-04-2021,10:02:35,182424.0934,
959,22-04-2021,10:31:02,183450.2682,
960,22-04-2021,11:32:25,185354.8229,
961,22-04-2021,12:36:36,186006.9217,
962,22-04-2021,13:32:32,185403.2709,
963,22-04-2021,14:33:06,182578.3244,
964,22-04-2021,15:34:52,186899.5881,
965,22-04-2021,16:34:16,188045.334,
966,22-04-2021,17:34:45,191283.6202,
967,22-04-2021,18:39:43,192722.303,
968,22-04-2021,19:33:53,191133.8906,
969,22-04-2021,20:33:28,195447.2525,
970,22-04-2021,21:32:00,195593.2477,
971,22-04-2021,22:34:03,197233.5779,
972,22-04-2021,23:35:23,188287.7337,
973,23-04-2021,00:30:46,192122.2948,
974,23-04-2021,01:32:59,190225.6727,
975,23-04-2021,02:34:58,180499.9777,
976,23-04-2021,03:33:54,180689.0943,
977,23-04-2021,04:33:13,180241.8631,
978,23-04-2021,05:32:47,181475.7214,
979,23-04-2021,06:31:34,179432.39,
980,23-04-2021,07:34:44,175084.2091,
981,23-04-2021,08:33:39,169469.4047,
982,23-04-2021,09:38:07,171058.3021,
983,23-04-2021,10:34:47,165642.9374,
984,23-04-2021,11:32:11,168190.9108,
985,23-04-2021,12:34:58,165580.0534,
986,23-04-2021,13:30:08,160561.9643,
987,23-04-2021,14:33:09,165821.0405,
988,23-04-2021,15:33:23,164433.211,
989,23-04-2021,16:35:08,170393.6521,
990,23-04-2021,17:33:02,172462.1685,
991,23-04-2021,18:37:52,169243.4291,
992,23-04-2021,19:33:33,167386.6315,
993,23-04-2021,20:33:27,172718.3637,
994,23-04-2021,21:38:42,175301.0209,
995,23-04-2021,22:31:00,175568.345,
996,23-04-2021,23:33:47,173236.5718,
997,24-04-2021,00:33:46,176871.2673,
998,24-04-2021,01:34:45,176978.2838,
999,24-04-2021,02:34:35,175048.4897,
1000,24-04-2021,03:35:41,173614.3302,
1001,24-04-2021,04:30:13,173969.9778,
1002,24-04-2021,05:35:44,177554.369,
1003,24-04-2021,06:35:44,169954.2599,
1004,24-04-2021,07:33:59,170768.4564,
1005,24-04-2021,08:34:26,170782.4995,
1006,24-04-2021,09:35:28,171637.9262,
1007,24-04-2021,10:34:28,174046.6338,
1008,24-04-2021,11:33:03,173726.0736,
1009,24-04-2021,12:34:46,171902.1086,
1010,24-04-2021,13:31:42,170876.3019,
1011,24-04-2021,14:34:56,171226.5575,
1012,24-04-2021,15:34:10,169665.6742,
1013,24-04-2021,16:32:24,165334.8807,
1014,24-04-2021,17:33:08,162714.586,
1015,24-04-2021,18:38:20,167034.7721,
1016,24-04-2021,19:34:28,166795.3544,
1017,24-04-2021,20:31:42,165163.704,
1018,24-04-2021,21:32:59,168975.7187,
1019,24-04-2021,22:32:53,167956.6621,
1020,24-04-2021,23:34:13,168322.0929,
1021,25-04-2021,00:33:12,170373.4404,
1022,25-04-2021,01:33:10,170197.0208,
1023,25-04-2021,02:36:02,171743.4262,
1024,25-04-2021,03:32:07,171747.5039,
1025,25-04-2021,04:31:03,170403.8705,
1026,25-04-2021,05:34:26,165674.0661,
1027,25-04-2021,06:35:20,166032.9421,
1028,25-04-2021,07:32:58,168059.1714,
1029,25-04-2021,08:30:45,168294.4916,
1030,25-04-2021,09:30:57,164212.9006,
1031,25-04-2021,10:35:22,163927.1114,
1032,25-04-2021,11:32:52,163804.3852,
1033,25-04-2021,12:31:29,162183.9752,
1034,25-04-2021,13:33:21,163097.3767,
1035,25-04-2021,14:33:51,167137.0582,
1036,25-04-2021,15:34:01,168831.6214,
1037,25-04-2021,16:34:10,169038.4885,
1038,25-04-2021,17:31:06,171758.1999,
1039,25-04-2021,18:41:18,173628.3991,
1040,25-04-2021,19:49:55,173446.4439,
1041,25-04-2021,20:32:25,175950.3848,
1042,25-04-2021,21:33:28,175491.2707,
1043,25-04-2021,22:33:13,175836.4841,
1044,25-04-2021,23:32:37,174208.7567,
1045,26-04-2021,00:35:40,172213.6217,
1046,26-04-2021,01:32:50,170181.7834,
1047,26-04-2021,02:35:18,165714.8811,
1048,26-04-2021,03:35:20,165694.119,
1049,26-04-2021,04:31:52,171226.2985,
1050,26-04-2021,05:34:23,172747.9111,
1051,26-04-2021,06:38:48,180749.4338,
1052,26-04-2021,07:33:41,184424.1712,
1053,26-04-2021,08:32:45,183502.923,
1054,26-04-2021,09:35:45,184817.0916,
1055,26-04-2021,10:31:53,184349.8734,
1056,26-04-2021,11:33:43,184557.4356,
1057,26-04-2021,12:31:41,185745.5123,
1058,26-04-2021,13:33:24,183747.2252,
1059,26-04-2021,14:34:44,182689.3549,
1060,26-04-2021,15:30:57,185721.615,
1061,26-04-2021,16:36:28,185537.8238,
1062,26-04-2021,17:35:44,188713.5037,
1063,26-04-2021,18:37:27,186236.2706,
1064,26-04-2021,20:32:41,186371.4006,
1065,26-04-2021,21:06:40,186204.2843,
1066,26-04-2021,21:46:26,186029.2893,
1067,26-04-2021,22:33:23,185605.032,
1068,26-04-2021,23:33:13,188166.1616,
1069,27-04-2021,00:35:52,187166.7779,
1070,27-04-2021,01:33:38,186203.584,
1071,27-04-2021,02:35:43,184260.8897,
1072,27-04-2021,03:32:53,186031.567,
1073,27-04-2021,04:36:44,187781.4333,
1074,27-04-2021,05:34:35,189460.9112,
1075,27-04-2021,06:35:48,188065.5556,
1076,27-04-2021,07:46:59,189282.0633,
1077,27-04-2021,08:47:29,187606.8711,
1078,27-04-2021,09:30:21,187023.0835,
1079,27-04-2021,10:33:07,186938.5212,
1080,27-04-2021,11:34:11,188507.7259,
1081,27-04-2021,12:35:05,191337.7013,
1082,27-04-2021,13:32:19,189291.44,
1083,27-04-2021,14:31:25,189805.2675,
1084,27-04-2021,15:35:10,190074.446,
1085,27-04-2021,16:30:12,190479.0213,
1086,27-04-2021,17:33:08,192132.8307,
1087,27-04-2021,18:38:27,190754.9725,
1088,27-04-2021,19:48:50,189790.8313,
1089,27-04-2021,20:48:08,196055.2601,
1090,27-04-2021,21:34:19,198578.5605,
1091,27-04-2021,22:34:05,196298.6315,
1092,27-04-2021,23:32:17,197246.4056,
1093,28-04-2021,00:31:03,196983.9371,
1094,28-04-2021,01:32:07,195626.6657,
1095,28-04-2021,02:31:02,197022.2869,
1096,28-04-2021,03:32:47,197333.9667,
1097,28-04-2021,04:30:29,195614.4896,
1098,28-04-2021,05:35:50,198533.4803,
1099,28-04-2021,06:36:46,200797.7971,
1100,28-04-2021,07:34:33,202182.0772,
1101,28-04-2021,08:34:58,198797.7064,
1102,28-04-2021,09:32:55,196460.6544,
1103,28-04-2021,10:33:09,195900.7831,
1104,28-04-2021,11:33:50,194941.7824,
1105,28-04-2021,12:34:04,192516.1854,
1106,28-04-2021,13:32:18,194417.7273,
1107,28-04-2021,14:32:58,193666.8299,
1108,28-04-2021,15:33:18,194233.8796,
1109,28-04-2021,16:35:29,196639.7483,
1110,28-04-2021,17:33:25,200760.9021,
1111,28-04-2021,18:37:33,202791.4433,
1112,28-04-2021,19:31:53,200678.9142,
1113,28-04-2021,20:30:32,202212.2543,
1114,28-04-2021,21:31:16,199513.2282,
1115,28-04-2021,22:32:37,202605.7887,
1116,28-04-2021,23:31:32,202927.1906,
1117,29-04-2021,00:33:21,202332.6604,
1118,29-04-2021,01:34:00,203524.9792,
1119,29-04-2021,02:30:46,201780.1895,
1120,29-04-2021,03:30:15,204769.6915,
1121,29-04-2021,04:30:34,201964.4625,
1122,29-04-2021,05:32:41,204267.8395,
1123,29-04-2021,06:35:32,202337.7847,
1124,29-04-2021,07:33:27,202167.4269,
1125,29-04-2021,08:32:56,201474.18,
1126,29-04-2021,09:30:00,200176.6918,
1127,29-04-2021,10:34:31,199098.198,
1128,29-04-2021,11:31:20,201645.1865,
1129,29-04-2021,12:34:15,202869.1604,
1130,29-04-2021,13:33:32,202022.7473,
1131,29-04-2021,14:34:41,201517.6188,
1132,29-04-2021,15:32:55,205285.1302,
1133,29-04-2021,16:30:06,205036.6037,
1134,29-04-2021,17:34:52,204861.794,
1135,29-04-2021,18:33:56,206825.4298,
1136,29-04-2021,19:33:08,204378.1981,
1137,29-04-2021,20:34:11,205299.4775,
1138,29-04-2021,21:32:42,206464.8938,
1139,29-04-2021,22:35:33,202190.976,
1140,29-04-2021,23:31:46,203236.3078,
1141,30-04-2021,00:31:42,202026.9502,
1142,30-04-2021,01:34:18,202267.4607,
1143,30-04-2021,02:32:30,200684.6648,
1144,30-04-2021,03:30:57,202679.9775,
1145,30-04-2021,04:32:27,205159.3151,
1146,30-04-2021,05:33:46,204347.2515,
1147,30-04-2021,06:37:36,202655.4794,
1148,30-04-2021,07:31:24,203310.4969,
1149,30-04-2021,08:33:03,203531.4101,
1150,30-04-2021,09:34:23,203464.936,
1151,30-04-2021,10:33:13,204649.3998,
1152,30-04-2021,11:34:56,205656.0071,
1153,30-04-2021,12:31:22,206470.8237,
1154,30-04-2021,13:30:51,205656.0842,
1155,30-04-2021,14:30:52,206905.1252,
1156,30-04-2021,15:32:28,206666.0352,
1157,30-04-2021,16:33:47,204897.1665,
1158,30-04-2021,17:36:13,203121.9766,
1159,30-04-2021,18:43:18,203680.8349,
1160,30-04-2021,19:42:40,203905.1452,
1161,30-04-2021,20:36:24,206153.5026,
1162,30-04-2021,21:31:17,203498.9869,
1163,30-04-2021,22:30:29,204402.3897,
1164,30-04-2021,23:33:52,204456.6006,
1165,01-05-2021,00:32:16,205596.0677,
1166,01-05-2021,01:32:25,206036.1946,
1167,01-05-2021,02:30:03,205016.1295,
1168,01-05-2021,03:32:25,204460.5275,
1169,01-05-2021,04:34:47,203365.5746,
1170,01-05-2021,05:32:38,205741.261,
1171,01-05-2021,06:35:27,205075.9204,
1172,01-05-2021,07:31:24,206975.5339,
1173,01-05-2021,08:34:07,209414.7969,
1174,01-05-2021,09:34:49,210823.8187,
1175,01-05-2021,10:33:35,210873.1474,
1176,01-05-2021,11:35:33,211202.0738,
1177,01-05-2021,12:30:46,211991.0784,
1178,01-05-2021,13:35:19,211620.6177,
1179,01-05-2021,14:35:42,209996.2896,
1180,01-05-2021,15:34:36,209850.8374,
1181,01-05-2021,16:34:57,210597.8229,
1182,01-05-2021,17:34:49,212275.7228,
1183,01-05-2021,18:42:13,212958.5421,
1184,01-05-2021,19:44:06,212190.6229,
1185,01-05-2021,20:32:40,211800.6186,
1186,01-05-2021,21:33:29,211809.9822,
1187,01-05-2021,22:33:45,214880.3629,
1188,01-05-2021,23:32:15,217042.6764,
1189,02-05-2021,00:30:35,218122.2257,
1190,02-05-2021,01:31:30,216760.2397,
1191,02-05-2021,02:35:27,218351.6664,
1192,02-05-2021,03:30:33,216664.589,
1193,02-05-2021,04:30:43,217861.9649,
1194,02-05-2021,05:35:21,218292.1005,
1195,02-05-2021,06:35:02,217847.4651,
1196,02-05-2021,07:32:59,218033.6365,
1197,02-05-2021,08:32:14,218933.2276,
1198,02-05-2021,09:33:38,215544.328,
1199,02-05-2021,10:33:33,217212.7799,
1200,02-05-2021,11:32:01,216280.9907,
1201,02-05-2021,12:31:58,216164.0775,
1202,02-05-2021,13:33:04,214863.0766,
1203,02-05-2021,14:30:30,213463.6413,
1204,02-05-2021,15:34:34,214676.1654,
1205,02-05-2021,16:33:08,216981.7092,
1206,02-05-2021,17:35:08,218253.4857,
1207,02-05-2021,18:39:22,217140.6105,
1208,02-05-2021,19:46:21,216597.3776,
1209,02-05-2021,20:33:41,216326.9842,
1210,02-05-2021,21:34:11,216963.1299,
1211,02-05-2021,22:32:15,217112.2742,
1212,02-05-2021,23:34:05,217650.8331,
1213,03-05-2021,00:30:33,220000.7744,
1214,03-05-2021,01:30:20,220345.109,
1215,03-05-2021,02:30:17,220170.1253,
1216,03-05-2021,03:34:15,220462.2952,
1217,03-05-2021,04:34:35,218655.066,
1218,03-05-2021,05:36:48,218860.3144,
1219,03-05-2021,06:37:16,222156.9419,
1220,03-05-2021,07:34:18,223904.5004,
1221,03-05-2021,08:34:24,225516.8239,
1222,03-05-2021,09:32:36,226548.6671,
1223,03-05-2021,10:32:41,226593.5267,
1224,03-05-2021,11:32:15,230463.1039,
1225,03-05-2021,12:32:15,228806.4804,
1226,03-05-2021,13:31:34,233248.1343,
1227,03-05-2021,14:34:45,236316.8247,
1228,03-05-2021,15:34:41,234883.6594,
1229,03-05-2021,16:41:06,233446.5084,
1230,03-05-2021,17:32:55,233499.4642,
1231,03-05-2021,18:37:17,232648.9347,
1232,03-05-2021,19:33:15,229701.1171,
1233,03-05-2021,20:33:29,233443.8718,
1234,03-05-2021,21:30:02,233861.8444,
1235,03-05-2021,22:35:05,240413.7474,
1236,03-05-2021,23:33:08,242988.4463,
1237,04-05-2021,00:34:30,245876.2872,
1238,04-05-2021,01:34:41,243147.9026,
1239,04-05-2021,02:33:50,243280.4752,
1240,04-05-2021,03:36:20,247204.7195,
1241,04-05-2021,04:33:08,249935.1866,
1242,04-05-2021,05:35:49,253864.4063,
1243,04-05-2021,06:34:47,242011.9978,
1244,04-05-2021,07:32:59,245280.1623,
1245,04-05-2021,08:37:42,240109.0647,
1246,04-05-2021,09:35:49,239741.9981,
1247,04-05-2021,10:34:31,247623.0136,
1248,04-05-2021,11:34:27,250590.293,
1249,04-05-2021,12:34:55,248923.6972,
1250,04-05-2021,13:34:10,246832.7534,
1251,04-05-2021,14:33:13,244457.8809,
1252,04-05-2021,15:32:31,248080.3745,
1253,04-05-2021,16:34:34,253907.1901,
1254,04-05-2021,17:30:25,257721.8726,
1255,04-05-2021,18:31:17,257347.2498,
1256,04-05-2021,19:36:46,257629.1122,
1257,04-05-2021,20:57:35,242296.5893,
1258,04-05-2021,21:32:14,243185.4683,
1259,04-05-2021,22:34:22,240054.3606,
1260,04-05-2021,23:34:58,246091.971,
1261,05-05-2021,00:31:57,251903.9548,
1262,05-05-2021,01:32:27,250323.7819,
1263,05-05-2021,02:31:50,252313.5861,
1264,05-05-2021,03:31:59,247560.4563,
1265,05-05-2021,04:32:00,244656.348,
1266,05-05-2021,05:33:39,239462.2651,
1267,05-05-2021,06:34:15,245928.6423,
1268,05-05-2021,07:51:02,250212.4217,
1269,05-05-2021,08:33:23,245658.6516,
1270,05-05-2021,09:31:17,243162.6316,
1271,05-05-2021,10:34:36,242017.6334,
1272,05-05-2021,11:31:55,242520.221,
1273,05-05-2021,12:35:22,242027.2852,
1274,05-05-2021,13:34:09,247831.4514,
1275,05-05-2021,14:32:16,248710.5578,
1276,05-05-2021,15:35:36,251267.0172,
1277,05-05-2021,16:34:28,250204.0337,
1278,05-05-2021,17:36:27,247732.9629,
1279,05-05-2021,18:32:06,249620.8455,
1280,05-05-2021,19:36:14,249745.0987,
1281,05-05-2021,20:31:59,250482.188,
1282,05-05-2021,21:35:02,245566.8544,
1283,05-05-2021,22:34:40,253273.3028,
1284,05-05-2021,23:35:01,251750.4211,
1285,06-05-2021,00:34:35,252220.3851,
1286,06-05-2021,01:43:31,256336.5468,
1287,06-05-2021,02:31:19,255900.8232,
1288,06-05-2021,03:31:17,252994.2721,
1289,06-05-2021,04:33:50,259853.6821,
1290,06-05-2021,05:34:30,260356.1551,
1291,06-05-2021,06:35:29,256861.0707,
1292,06-05-2021,07:33:03,257200.0372,
1293,06-05-2021,08:34:18,257926.4254,
1294,06-05-2021,09:35:31,256056.7005,
1295,06-05-2021,10:31:38,254747.5156,
1296,06-05-2021,11:35:29,255276.9782,
1297,06-05-2021,12:35:00,251919.3853,
1298,06-05-2021,13:32:55,254379.3747,
1299,06-05-2021,14:34:28,254151.1528,
1300,06-05-2021,15:31:53,255608.8061,
1301,06-05-2021,16:33:01,257545.7877,
1302,06-05-2021,17:34:35,259705.256,
1303,06-05-2021,18:32:39,257302.908,
1304,06-05-2021,19:31:38,257048.3386,
1305,06-05-2021,20:34:18,258834.3692,
1306,06-05-2021,21:32:01,260512.575,
1307,06-05-2021,22:33:29,262181.3368,
1308,06-05-2021,23:34:26,263110.7252,
1309,07-05-2021,00:31:37,254593.0266,
1310,07-05-2021,01:34:10,257382.0459,
1311,07-05-2021,02:32:20,255362.0733,
1312,07-05-2021,03:35:38,258963.1717,
1313,07-05-2021,04:31:12,260219.3478,
1314,07-05-2021,05:33:38,257291.5829,
1315,07-05-2021,06:30:56,258613.375,
1316,07-05-2021,07:34:07,255193.8032,
1317,07-05-2021,08:34:22,253163.7023,
1318,07-05-2021,09:38:08,253449.3632,
1319,07-05-2021,10:32:19,251712.1404,
1320,07-05-2021,11:36:15,251674.6554,
1321,07-05-2021,12:34:04,254393.1324,
1322,07-05-2021,13:32:17,253683.0055,
1323,07-05-2021,14:32:29,253221.5209,
1324,07-05-2021,15:33:08,254638.9276,
1325,07-05-2021,16:32:14,254750.6795,
1326,07-05-2021,17:33:25,253722.0779,
1327,07-05-2021,18:32:58,257096.6257,
1328,07-05-2021,19:32:29,257372.9485,
1329,07-05-2021,20:35:14,257231.6605,
1330,07-05-2021,21:35:46,261416.1602,
1331,07-05-2021,22:34:48,261023.4527,
1332,07-05-2021,23:31:16,259554.7112,
1333,08-05-2021,00:31:16,258545.1449,
1334,08-05-2021,01:34:31,257937.245,
1335,08-05-2021,02:31:19,256844.1546,
1336,08-05-2021,03:30:33,255094.6243,
1337,08-05-2021,04:34:57,252997.0656,
1338,08-05-2021,05:32:28,256042.8903,
1339,08-05-2021,06:32:30,258670.7737,
1340,08-05-2021,07:32:47,259364.5516,
1341,08-05-2021,08:34:05,259341.6808,
1342,08-05-2021,09:33:09,258755.9278,
1343,08-05-2021,10:32:11,261403.0546,
1344,08-05-2021,11:39:46,259303.8679,
1345,08-05-2021,12:31:59,258311.8948,
1346,08-05-2021,13:33:06,259490.6715,
1347,08-05-2021,14:35:32,260398.4689,
1348,08-05-2021,15:32:14,261440.8899,
1349,08-05-2021,16:34:25,259585.3732,
1350,08-05-2021,17:30:08,259967.7382,
1351,08-05-2021,19:08:39,262549.3781,
1352,08-05-2021,19:31:12,266061.5047,
1353,08-05-2021,20:31:09,268667.2867,
1354,08-05-2021,21:32:13,266388.3296,
1355,08-05-2021,22:31:02,279779.9977,
1356,08-05-2021,23:31:55,280841.6334,
1357,09-05-2021,00:31:34,280952.9136,
1358,09-05-2021,01:32:05,279143.7011,
1359,09-05-2021,02:32:16,282351.6931,
1360,09-05-2021,03:31:35,285548.4863,
1361,09-05-2021,04:33:41,285850.7312,
1362,09-05-2021,05:33:38,286788.4048,
1363,09-05-2021,06:36:58,281820.2701,
1364,09-05-2021,07:30:50,285812.1411,
1365,09-05-2021,08:31:07,284172.5428,
1366,09-05-2021,09:32:16,288171.6293,
1367,09-05-2021,10:31:27,286365.1725,
1368,09-05-2021,11:32:38,289293.9914,
1369,09-05-2021,12:32:12,291168.3348,
1370,09-05-2021,13:31:15,290797.258,
1371,09-05-2021,14:30:45,289199.0958,
1372,09-05-2021,15:32:58,288274.1653,
1373,09-05-2021,16:31:34,288229.4361,
1374,09-05-2021,17:34:13,285721.9604,
1375,09-05-2021,18:41:34,278924.8947,
1376,09-05-2021,19:33:24,280726.6831,
1377,09-05-2021,20:32:58,283057.7548,
1378,09-05-2021,21:32:46,284661.1068,
1379,09-05-2021,22:32:29,289938.3488,
1380,09-05-2021,23:32:33,287216.0096,
1381,10-05-2021,00:32:44,286043.6585,
1382,10-05-2021,01:32:21,284927.7209,
1383,10-05-2021,02:30:01,287311.3397,
1384,10-05-2021,03:31:56,287441.2893,
1385,10-05-2021,04:32:22,285360.2104,
1386,10-05-2021,05:33:54,288233.6969,
1387,10-05-2021,06:36:58,287879.4814,
1388,10-05-2021,07:32:00,289431.2029,
1389,10-05-2021,08:32:41,291361.3427,
1390,10-05-2021,09:31:01,298531.5237,
1391,10-05-2021,10:32:44,299870.5445,
1392,10-05-2021,11:32:14,302639.6798,
1393,10-05-2021,12:32:28,302038.6893,
1394,10-05-2021,13:33:50,301231.8588,
1395,10-05-2021,14:32:24,304007.8058,
1396,10-05-2021,15:30:45,303193.0843,
1397,10-05-2021,16:32:08,296444.4423,
1398,10-05-2021,17:31:52,300222.814,
1399,10-05-2021,18:45:25,304174.3601,
1400,10-05-2021,19:32:18,303330.791,
1401,10-05-2021,20:30:57,298902.3758,
1402,10-05-2021,21:32:42,306988.1199,
1403,10-05-2021,22:32:07,307501.7641,
1404,10-05-2021,23:31:58,304675.0527,
1405,11-05-2021,00:30:01,305152.0727,
1406,11-05-2021,01:32:44,297305.8974,
1407,11-05-2021,02:32:55,287077.057,
1408,11-05-2021,03:32:04,296706.7485,
1409,11-05-2021,04:32:33,297992.0832,
1410,11-05-2021,05:32:42,292502.2388,
1411,11-05-2021,06:40:59,286468.8917,
1412,11-05-2021,07:31:08,288505.2406,
1413,11-05-2021,08:34:26,282992.0557,
1414,11-05-2021,09:32:15,284417.0157,
1415,11-05-2021,10:31:52,288223.0644,
1416,11-05-2021,11:31:13,286385.6978,
1417,11-05-2021,12:31:28,291174.3862,
1418,11-05-2021,13:32:10,291983.8425,
1419,11-05-2021,14:31:43,288383.5055,
1420,11-05-2021,15:32:36,294510.1997,
1421,11-05-2021,16:31:59,296326.2069,
1422,11-05-2021,17:32:36,293038.9885,
1423,11-05-2021,19:04:07,288315.4299,
1424,11-05-2021,19:31:12,292582.7975,
1425,11-05-2021,20:30:13,293833.0851,
1426,11-05-2021,21:31:55,295796.3486,
1427,11-05-2021,22:33:05,295411.1735,
1428,11-05-2021,23:31:07,297327.6777,
1429,12-05-2021,00:33:24,297881.4783,
1430,12-05-2021,01:33:48,297736.1213,
1431,12-05-2021,02:31:36,303627.9732,
1432,12-05-2021,03:33:08,302033.5095,
1433,12-05-2021,04:31:16,302805.8946,
1434,12-05-2021,05:30:57,306913.7012,
1435,12-05-2021,06:42:25,307778.0291,
1436,12-05-2021,07:31:32,306455.8672,
1437,12-05-2021,08:32:49,311025.2537,
1438,12-05-2021,09:30:45,317837.8027,
1439,12-05-2021,10:32:21,314187.7489,
1440,12-05-2021,11:30:15,316069.7025,
1441,12-05-2021,12:31:16,315253.3926,
1442,12-05-2021,12:40:41,315508.8576,
,,,,
,,,,
,,,,
,,,,
,,,,
,,,,
